Motif,Couleur,Image,Reference,Prix
Vagues,Bleu ocean,,V_Bleu_Ocean,0
Vagues,Bleu pastel,,V_Bleu_Pastel,0
Vagues,Bleu,,V_Bleu,0
Vagues,Cafe,,V_Cafe,
Vagues,Chocolat,,V_Chocolat,0
Vagues,Fauve,,V_Fauve,0
Vagues,Gris clair,,V_Gris clair,0
Vagues,Jaune,,V_Jaune,0
Vagues,Noir,,V_Noir,0
Vagues,Rose pastel,,V_Rose_pastel,0
Vagues,Rouge,,V_Rouge,0
Vagues,Taupe,,V_Taupe,0
Vagues,Vert,,V_Vert,0
Vagues,Violet,,V_Violet,0
Dunes,Ocre,,D_Ocre,0
Dunes,Bordeaux,,D_Bordeaux,0
Dunes,Vert anglais,,D_Vers_anglais,0
Dunes,Creme,,D_Creme,0
Dunes,Taupe,,D_Taupe,0
Dunes,Vert,,D_Vert,0
Dunes,Blanc,,D_Blanc,0
Dunes,Chocolat,,D_Chocolat,0
Dunes,Jaune soleil,,D_Jaune_soleil,0
Dunes,Gris perle,,D_Gris_perle,0
Dunes,Marron,,D_Marron,0
Dunes,Safran,,D_Safran,0
Dunes,Gris,,D_Gris,0
Dunes,Alezan,,D_Alezan,0
Dunes,Orange,,D_Orange,0
Dunes,Fauve,,D_Fauve,0
Dunes,Bleu electrique,,D_Bleu_electrique,0
Dunes,Violet,,D_Violet,0
Dunes,Bleu turquoise,,D_Bleu_turquoise,0
Dunes,Rose fuchsia,,D_Rose_fuchsia,0
Dunes,Rouge,,D_Rouge,0
Dunes,Prune,,D_Prune,0
Dunes,Noir,,D_Noir,0
Dunes,Bleu gris,,D_Bleu_gris,0
